商品,画像ファイル,基準量,エネルギー(kcal),たんぱく質(g),脂質(g),コレステロール(mg),炭水化物(g),糖質(g),糖類(g),食物繊維(g),食塩相当量(g),カルシウム(mg),ビタミンE(mg),ビタミンB1(mg),ビタミンB2(mg),ナイアシン(mg),パントテン酸(mg),ビタミンB6(mg),ビタミンC(mg),ビタミンD(μg),ビタミンA(μg),ビタミンB12(μg),葉酸(μg)
アーモンドミルク,armonndmilk.jpg,コップ1杯(200ml),38,1.0,2.8,0,3.7,0.80,0.36,2.9,0.44,60,10.0,,,,,,,,,,
プロテイン,protein.jpg,1食分(30g),117.3,21.8,1.8,,3.5,,,,0.22,,,0.9,0.9,4.4,1.6,0.8,50.0,1.9,,,
低温調理鶏胸肉(皮なし),,1食分(100g+食塩1g),105,23.3,1.9,72,0.1,0.1,0,0,1.1,4,0.3,0.09,0.10,11.6,1.7,0.64,3,0.1,,,
ビタミンゼリー,vitaminjerry.jpg,1袋(180g),50,0,0,,12.7,,,,0.19,,2.7,0.48~0.66,0.68,7.0,1.0~2.7,0.72,20~43,2.7,283~396,1.24,73~109
イタリアンサラダ,salad.jpg,100g,13,0.9,0.1,,3.1,,,,0.01,,,,,,,,,,,,
塩サバフィレ,,1枚(約100g),263,26.2,19.1,59,0.1,0.1,0,0,1.8,27,0.5,0.16,0.59,11.5,0.59,0.65,0,11.0,9,11.0,10
プルドポーク(BBQソース付),,1食分(豚肩ロース100g+マキシマム2g+ソース18g),276,17.7,19.3,69,9.3,9.2,,0,2.0,6,0.4,0.63,0.23,3.6,1.2,0.32,2,0.3,6,0.5,2
プルドビーフ(BBQソース付),,1食分(牛肩ロース100g+マキシマム2g+オリーブ油1.2g+ソース18g),271,18.5,18.7,69,9.3,9.2,,0,2.0,5,0.6,0.07,0.20,3.5,0.9,0.25,1,0.1,7,2.2,7
ごまドレッシング,sesame-dressing.jpg,1食(15g),75,0.5,7.3,,1.8,1.6,,0.2,0.5,,,,,,,,,,,,
ロースハム,ham.jpg,1パック(90g),163,15.4,10.1,,2.7,,,,1.9,,,,,,,,,,,,
鮭弁当,salmon-bento.jpg,1パック,628,24,21.1,,81.5,,,,3.6,,,,,,,,,,,,
タカキ カスクート,takaki-casse-croute.jpg,1個,158,5.4,1.2,,31.2,,,,0.7,,,,,,,,,,,,
石窯モーニングフランス,,1食分(2枚・約82g),205,7.5,0.8,,41.0,,,,1.1,,,,,,,,,,,,
石窯ミニフランス,,1食分(2個・約69g),164,5.2,0.7,,34.8,,,,0.8,,,,,,,,,,,,
フラワートルティーヤ,,1食分(2枚・約52g),166,3.8,4.8,,25.6,,,,0.7,,,,,,,,,,,,
つけ麺専用中華麺,,1玉(130g),360,9.5,1.7,,76.7,,,,3.4,,,,,,,,,,,,
スープの達人 魚介豚骨醤油,,1袋(57g),166,7.0,10.5,,10.8,,,,5.1,,,,,,,,,,,,
